service_number,service_date
101,2024-01-08
101,2024-01-09
101,2024-01-10
101,2024-01-11
101,2024-01-12
101,2024-01-15
101,2024-01-16
101,2024-01-17
101,2024-01-18
101,2024-01-19
101,2024-01-22
101,2024-01-23
101,2024-01-24
101,2024-01-25
101,2024-01-26
101,2024-01-29
101,2024-01-30
101,2024-01-31
101,2024-02-01
101,2024-02-02
101,2024-02-05
101,2024-02-06
101,2024-02-07
101,2024-02-08
101,2024-02-09
101,2024-02-12
101,2024-02-13
101,2024-02-14
101,2024-02-15
101,2024-02-16
101,2024-02-20
101,2024-02-21
101,2024-02-22
101,2024-02-23
101,2024-02-26
101,2024-02-27
101,2024-02-28
101,2024-02-29
101,2024-03-01
101,2024-03-04
101,2024-03-05
101,2024-03-06
101,2024-03-07
101,2024-03-08
101,2024-03-11
101,2024-03-12
101,2024-03-13
101,2024-03-14
101,2024-03-15
101,2024-04-02
101,2024-04-03
101,2024-04-04
101,2024-04-05
101,2024-04-08
101,2024-04-09
101,2024-04-10
101,2024-04-11
101,2024-04-12
1101,2024-01-02
1101,2024-01-03
1101,2024-01-04
1101,2024-01-08
1101,2024-01-09
1101,2024-01-10
1101,2024-01-11
1101,2024-01-15
1101,2024-01-16
1101,2024-01-17
1101,2024-01-18
1101,2024-01-22
1101,2024-01-23
1101,2024-01-24
1101,2024-01-25
1101,2024-01-29
1101,2024-01-30
1101,2024-01-31
1101,2024-02-01
1101,2024-02-05
1101,2024-02-06
1101,2024-02-07
1101,2024-02-08
1101,2024-02-12
1101,2024-02-13
1101,2024-02-14
1101,2024-02-15
1101,2024-02-20
1101,2024-02-21
1101,2024-02-22
1101,2024-02-26
1101,2024-02-27
1101,2024-02-28
1101,2024-02-29
1101,2024-03-04
1101,2024-03-05
1101,2024-03-06
1101,2024-03-07
1101,2024-03-11
1101,2024-03-12
1101,2024-03-13
1101,2024-03-14
1101,2024-03-18
1101,2024-03-19
1101,2024-03-20
1101,2024-03-21
1101,2024-03-25
1101,2024-03-26
1101,2024-03-27
1101,2024-03-28
1101,2024-04-01
1101,2024-04-02
1101,2024-04-03
1101,2024-04-04
1101,2024-04-08
1101,2024-04-09
1101,2024-04-10
1101,2024-04-11
1201,2024-01-05
1201,2024-01-12
1201,2024-01-19
1201,2024-01-26
1201,2024-02-02
1201,2024-02-09
1201,2024-02-16
1201,2024-02-23
1201,2024-03-01
1201,2024-03-08
1201,2024-03-15
1201,2024-03-22
1201,2024-04-05
1201,2024-04-12
152201,2024-01-02
152201,2024-01-03
152201,2024-01-04
152201,2024-01-08
152201,2024-01-09
152201,2024-01-10
152201,2024-01-11
152201,2024-01-15
152201,2024-01-16
152201,2024-01-17
152201,2024-01-18
152201,2024-01-22
152201,2024-01-23
152201,2024-01-24
152201,2024-01-25
152201,2024-01-29
152201,2024-01-30
152201,2024-01-31
152201,2024-02-01
152201,2024-02-05
152201,2024-02-06
152201,2024-02-07
152201,2024-02-08
152201,2024-02-12
152201,2024-02-13
152201,2024-02-14
152201,2024-02-15
152201,2024-02-20
152201,2024-02-21
152201,2024-02-22
152201,2024-02-26
152201,2024-02-27
152201,2024-02-28
152201,2024-02-29
152201,2024-03-04
152201,2024-03-05
152201,2024-03-06
152201,2024-03-07
152201,2024-03-11
152201,2024-03-12
152201,2024-03-13
152201,2024-03-14
152201,2024-03-18
152201,2024-03-19
152201,2024-03-20
152201,2024-03-21
152201,2024-03-25
152201,2024-03-26
152201,2024-03-27
152201,2024-04-01
152201,2024-04-02
152201,2024-04-03
152201,2024-04-04
152201,2024-04-08
152201,2024-04-09
152201,2024-04-10
152201,2024-04-11
152301,2024-01-05
152301,2024-01-12
152301,2024-01-19
152301,2024-01-26
152301,2024-02-02
152301,2024-02-09
152301,2024-02-16
152301,2024-02-23
152301,2024-03-01
152301,2024-03-08
152301,2024-03-15
152301,2024-03-22
152301,2024-03-28
152301,2024-04-05
152301,2024-04-12
155601,2024-01-02
155601,2024-01-03
155601,2024-01-04
155601,2024-01-05
155601,2024-01-08
155601,2024-01-09
155601,2024-01-10
155601,2024-01-11
155601,2024-01-12
155601,2024-01-15
155601,2024-01-16
155601,2024-01-17
155601,2024-01-18
155601,2024-01-19
155601,2024-01-22
155601,2024-01-23
155601,2024-01-24
155601,2024-01-25
155601,2024-01-26
155601,2024-01-29
155601,2024-01-30
155601,2024-01-31
155601,2024-02-01
155601,2024-02-02
155601,2024-02-05
155601,2024-02-06
155601,2024-02-07
155601,2024-02-08
155601,2024-02-09
155601,2024-02-12
155601,2024-02-13
155601,2024-02-14
155601,2024-02-15
155601,2024-02-16
155601,2024-02-20
155601,2024-02-21
155601,2024-02-22
155601,2024-02-23
155601,2024-02-26
155601,2024-02-27
155601,2024-02-28
155601,2024-02-29
155601,2024-03-01
155601,2024-03-04
155601,2024-03-05
155601,2024-03-06
155601,2024-03-07
155601,2024-03-08
155601,2024-03-11
155601,2024-03-12
155601,2024-03-13
155601,2024-03-14
155601,2024-03-15
155601,2024-03-18
155601,2024-03-19
155601,2024-03-20
155601,2024-03-21
155601,2024-03-22
155601,2024-03-25
155601,2024-03-26
155601,2024-03-27
155601,2024-03-28
155601,2024-04-02
155601,2024-04-03
155601,2024-04-04
155601,2024-04-05
155601,2024-04-08
155601,2024-04-09
155601,2024-04-10
155601,2024-04-11
155601,2024-04-12
162503,2024-01-01
162503,2024-02-19
162503,2024-03-29
162601,2024-01-05
162601,2024-01-12
162601,2024-01-19
162601,2024-01-26
162601,2024-02-02
162601,2024-02-09
162601,2024-02-16
162601,2024-02-23
162601,2024-03-01
162601,2024-03-08
162601,2024-03-15
162601,2024-03-22
162601,2024-04-01
162601,2024-04-05
162601,2024-04-12
169801,2024-01-05
169801,2024-01-12
169801,2024-01-19
169801,2024-01-26
169801,2024-02-02
169801,2024-02-09
169801,2024-02-15
169801,2024-02-16
169801,2024-02-23
169801,2024-03-01
169801,2024-03-08
169801,2024-03-15
169801,2024-03-22
169801,2024-03-28
169801,2024-04-05
169801,2024-04-12
1803,2024-02-18
1901,2024-01-02
1901,2024-01-03
1901,2024-01-04
1901,2024-01-05
1901,2024-01-08
1901,2024-01-09
1901,2024-01-11
1901,2024-01-12
1901,2024-01-15
1901,2024-01-16
1901,2024-01-18
1901,2024-01-19
1901,2024-01-22
1901,2024-01-23
1901,2024-01-25
1901,2024-01-26
1901,2024-01-29
1901,2024-01-30
1901,2024-02-01
1901,2024-02-02
1901,2024-02-05
1901,2024-02-06
1901,2024-02-08
1901,2024-02-09
1901,2024-02-12
1901,2024-02-13
1901,2024-02-15
1901,2024-02-16
1901,2024-02-20
1901,2024-02-22
1901,2024-02-23
1901,2024-02-26
1901,2024-02-27
1901,2024-02-29
1901,2024-03-01
1901,2024-03-04
1901,2024-03-05
1901,2024-03-07
1901,2024-03-08
1901,2024-03-11
1901,2024-03-12
1901,2024-03-14
1901,2024-03-15
1901,2024-03-18
1901,2024-03-19
1901,2024-03-20
1901,2024-03-21
1901,2024-03-22
1901,2024-03-25
1901,2024-03-26
1901,2024-03-27
1901,2024-03-28
1901,2024-04-01
1901,2024-04-02
1901,2024-04-04
1901,2024-04-05
1901,2024-04-08
1901,2024-04-09
1901,2024-04-11
1901,2024-04-12
2001,2024-01-10
2001,2024-01-17
2001,2024-01-24
2001,2024-01-31
2001,2024-02-07
2001,2024-02-14
2001,2024-02-21
2001,2024-02-28
2001,2024-03-06
2001,2024-03-13
2001,2024-04-03
2001,2024-04-10
201,2024-01-02
201,2024-01-03
201,2024-01-04
201,2024-01-05
201,2024-03-18
201,2024-03-19
201,2024-03-20
201,2024-03-21
201,2024-03-22
201,2024-03-25
201,2024-03-26
201,2024-03-27
201,2024-03-28
201,2024-04-01
253403,2024-01-07
253403,2024-01-14
253403,2024-01-21
253403,2024-01-28
253403,2024-02-04
253403,2024-02-11
253403,2024-02-18
253403,2024-02-25
253403,2024-03-03
253403,2024-03-10
253403,2024-03-17
253403,2024-03-24
253403,2024-03-31
253403,2024-04-07
253403,2024-04-14
259701,2024-01-02
259701,2024-01-03
259701,2024-01-04
259701,2024-01-05
259701,2024-01-08
259701,2024-01-09
259701,2024-01-10
259701,2024-01-11
259701,2024-01-12
259701,2024-01-15
259701,2024-01-16
259701,2024-01-17
259701,2024-01-18
259701,2024-01-19
259701,2024-01-22
259701,2024-01-23
259701,2024-01-24
259701,2024-01-25
259701,2024-01-26
259701,2024-01-29
259701,2024-01-30
259701,2024-01-31
259701,2024-02-01
259701,2024-02-02
259701,2024-02-05
259701,2024-02-06
259701,2024-02-07
259701,2024-02-08
259701,2024-02-09
259701,2024-02-12
259701,2024-02-13
259701,2024-02-14
259701,2024-02-15
259701,2024-02-16
259701,2024-02-20
259701,2024-02-21
259701,2024-02-22
259701,2024-02-23
259701,2024-02-26
259701,2024-02-27
259701,2024-02-28
259701,2024-02-29
259701,2024-03-01
259701,2024-03-04
259701,2024-03-05
259701,2024-03-06
259701,2024-03-07
259701,2024-03-08
259701,2024-03-11
259701,2024-03-12
259701,2024-03-13
259701,2024-03-14
259701,2024-03-15
259701,2024-03-18
259701,2024-03-19
259701,2024-03-20
259701,2024-03-21
259701,2024-03-22
259701,2024-03-25
259701,2024-03-26
259701,2024-03-27
259701,2024-03-28
259702,2024-01-06
259702,2024-01-13
259702,2024-01-20
259702,2024-01-27
259702,2024-02-03
259702,2024-02-10
259702,2024-02-17
259702,2024-02-24
259702,2024-03-02
259702,2024-03-09
259702,2024-03-16
259702,2024-03-23
259702,2024-03-30
259703,2024-01-01
259703,2024-01-07
259703,2024-01-14
259703,2024-01-21
259703,2024-01-28
259703,2024-02-04
259703,2024-02-11
259703,2024-02-18
259703,2024-02-19
259703,2024-02-25
259703,2024-03-03
259703,2024-03-10
259703,2024-03-17
259703,2024-03-24
259703,2024-03-29
259703,2024-03-31
3,2024-01-01
3,2024-02-19
3,2024-03-29
32603,2024-01-01
32603,2024-01-07
32603,2024-01-14
32603,2024-01-21
32603,2024-01-28
32603,2024-02-04
32603,2024-02-11
32603,2024-02-19
32603,2024-02-25
32603,2024-03-03
32603,2024-03-10
32603,2024-03-17
32603,2024-03-24
32603,2024-03-29
32603,2024-03-31
32603,2024-04-07
32603,2024-04-14
401,2024-01-08
401,2024-01-09
401,2024-01-10
401,2024-01-11
401,2024-01-12
401,2024-01-15
401,2024-01-16
401,2024-01-17
401,2024-01-18
401,2024-01-19
401,2024-01-22
401,2024-01-23
401,2024-01-24
401,2024-01-25
401,2024-01-26
401,2024-01-29
401,2024-01-30
401,2024-01-31
401,2024-02-01
401,2024-02-02
401,2024-02-05
401,2024-02-06
401,2024-02-07
401,2024-02-08
401,2024-02-09
401,2024-02-12
401,2024-02-13
401,2024-02-14
401,2024-02-15
401,2024-02-16
401,2024-02-20
401,2024-02-21
401,2024-02-22
401,2024-02-23
401,2024-02-26
401,2024-02-27
401,2024-02-28
401,2024-02-29
401,2024-03-01
401,2024-03-04
401,2024-03-05
401,2024-03-06
401,2024-03-07
401,2024-03-08
401,2024-03-11
401,2024-03-12
401,2024-03-13
401,2024-03-14
401,2024-03-15
401,2024-04-02
401,2024-04-03
401,2024-04-04
401,2024-04-05
401,2024-04-08
401,2024-04-09
401,2024-04-10
401,2024-04-11
401,2024-04-12
4901,2024-04-01
4901,2024-04-02
4901,2024-04-03
4901,2024-04-04
4901,2024-04-05
4901,2024-04-08
4901,2024-04-09
4901,2024-04-10
4901,2024-04-11
4901,2024-04-12
4902,2024-04-06
4902,2024-04-13
4903,2024-04-07
4903,2024-04-14
59001,2024-01-09
59001,2024-01-10
59001,2024-01-11
59001,2024-01-12
59001,2024-01-16
59001,2024-01-17
59001,2024-01-18
59001,2024-01-19
59001,2024-01-23
59001,2024-01-24
59001,2024-01-25
59001,2024-01-26
59001,2024-01-30
59001,2024-01-31
59001,2024-02-01
59001,2024-02-02
59001,2024-02-06
59001,2024-02-07
59001,2024-02-08
59001,2024-02-09
59001,2024-02-13
59001,2024-02-14
59001,2024-02-15
59001,2024-02-16
59001,2024-02-20
59001,2024-02-21
59001,2024-02-22
59001,2024-02-23
59001,2024-02-27
59001,2024-02-28
59001,2024-02-29
59001,2024-03-01
59001,2024-03-05
59001,2024-03-06
59001,2024-03-07
59001,2024-03-08
59001,2024-03-12
59001,2024-03-13
59001,2024-03-14
59001,2024-03-15
59001,2024-04-02
59001,2024-04-03
59001,2024-04-04
59001,2024-04-05
59001,2024-04-09
59001,2024-04-10
59001,2024-04-11
59001,2024-04-12
59101,2024-01-02
59101,2024-01-03
59101,2024-01-04
59101,2024-01-05
59101,2024-01-08
59101,2024-01-15
59101,2024-01-22
59101,2024-01-29
59101,2024-02-05
59101,2024-02-12
59101,2024-02-26
59101,2024-03-04
59101,2024-03-11
59101,2024-03-18
59101,2024-03-19
59101,2024-03-20
59101,2024-03-21
59101,2024-03-22
59101,2024-03-25
59101,2024-03-26
59101,2024-03-27
59101,2024-03-28
59101,2024-04-01
59101,2024-04-08
62101,2024-01-08
62101,2024-01-09
62101,2024-01-11
62101,2024-01-12
62101,2024-01-15
62101,2024-01-16
62101,2024-01-18
62101,2024-01-19
62101,2024-01-22
62101,2024-01-23
62101,2024-01-25
62101,2024-01-26
62101,2024-01-29
62101,2024-01-30
62101,2024-02-01
62101,2024-02-02
62101,2024-02-05
62101,2024-02-06
62101,2024-02-08
62101,2024-02-09
62101,2024-02-12
62101,2024-02-13
62101,2024-02-15
62101,2024-02-16
62101,2024-02-20
62101,2024-02-22
62101,2024-02-23
62101,2024-02-26
62101,2024-02-27
62101,2024-02-29
62101,2024-03-01
62101,2024-03-04
62101,2024-03-05
62101,2024-03-07
62101,2024-03-08
62101,2024-03-11
62101,2024-03-12
62101,2024-03-14
62101,2024-03-15
62101,2024-04-01
62101,2024-04-02
62101,2024-04-04
62101,2024-04-05
62101,2024-04-08
62101,2024-04-09
62101,2024-04-11
62101,2024-04-12
62201,2024-01-02
62201,2024-01-03
62201,2024-01-04
62201,2024-01-05
62201,2024-01-10
62201,2024-01-17
62201,2024-01-24
62201,2024-01-31
62201,2024-02-07
62201,2024-02-14
62201,2024-02-21
62201,2024-02-28
62201,2024-03-06
62201,2024-03-13
62201,2024-03-18
62201,2024-03-19
62201,2024-03-20
62201,2024-03-21
62201,2024-03-22
62201,2024-03-25
62201,2024-03-26
62201,2024-03-27
62201,2024-03-28
62201,2024-04-03
62201,2024-04-10
63901,2024-01-09
63901,2024-01-11
63901,2024-01-16
63901,2024-01-18
63901,2024-01-23
63901,2024-01-25
63901,2024-01-30
63901,2024-02-01
63901,2024-02-06
63901,2024-02-08
63901,2024-02-13
63901,2024-02-15
63901,2024-02-20
63901,2024-02-22
63901,2024-02-27
63901,2024-02-29
63901,2024-03-05
63901,2024-03-07
63901,2024-03-12
63901,2024-03-14
63901,2024-04-02
63901,2024-04-04
63901,2024-04-09
63901,2024-04-11
701,2024-01-12
701,2024-01-19
701,2024-01-26
701,2024-02-02
701,2024-02-09
701,2024-02-16
701,2024-02-23
701,2024-03-01
701,2024-03-08
701,2024-03-15
701,2024-04-05
701,2024-04-12
75301,2024-01-08
75301,2024-01-09
75301,2024-01-10
75301,2024-01-11
75301,2024-01-15
75301,2024-01-16
75301,2024-01-17
75301,2024-01-18
75301,2024-01-22
75301,2024-01-23
75301,2024-01-24
75301,2024-01-25
75301,2024-01-29
75301,2024-01-30
75301,2024-01-31
75301,2024-02-01
75301,2024-02-05
75301,2024-02-06
75301,2024-02-07
75301,2024-02-08
75301,2024-02-12
75301,2024-02-13
75301,2024-02-14
75301,2024-02-15
75301,2024-02-20
75301,2024-02-21
75301,2024-02-22
75301,2024-02-26
75301,2024-02-27
75301,2024-02-28
75301,2024-02-29
75301,2024-03-04
75301,2024-03-05
75301,2024-03-06
75301,2024-03-07
75301,2024-03-11
75301,2024-03-12
75301,2024-03-13
75301,2024-03-14
75301,2024-04-02
75301,2024-04-03
75301,2024-04-04
75301,2024-04-08
75301,2024-04-09
75301,2024-04-10
75301,2024-04-11
75401,2024-01-02
75401,2024-01-03
75401,2024-01-04
75401,2024-01-05
75401,2024-01-12
75401,2024-01-19
75401,2024-01-26
75401,2024-02-02
75401,2024-02-09
75401,2024-02-16
75401,2024-02-23
75401,2024-03-01
75401,2024-03-08
75401,2024-03-15
75401,2024-03-18
75401,2024-03-19
75401,2024-03-20
75401,2024-03-21
75401,2024-03-22
75401,2024-03-25
75401,2024-03-26
75401,2024-03-27
75401,2024-03-28
75401,2024-04-01
75401,2024-04-05
75401,2024-04-12
801,2024-01-02
801,2024-01-03
801,2024-01-04
801,2024-01-05
801,2024-01-08
801,2024-01-09
801,2024-01-10
801,2024-01-11
801,2024-01-15
801,2024-01-16
801,2024-01-17
801,2024-01-18
801,2024-01-22
801,2024-01-23
801,2024-01-24
801,2024-01-25
801,2024-01-29
801,2024-01-30
801,2024-01-31
801,2024-02-01
801,2024-02-05
801,2024-02-06
801,2024-02-07
801,2024-02-08
801,2024-02-12
801,2024-02-13
801,2024-02-14
801,2024-02-15
801,2024-02-20
801,2024-02-21
801,2024-02-22
801,2024-02-26
801,2024-02-27
801,2024-02-28
801,2024-02-29
801,2024-03-04
801,2024-03-05
801,2024-03-06
801,2024-03-07
801,2024-03-11
801,2024-03-12
801,2024-03-13
801,2024-03-14
801,2024-03-18
801,2024-03-19
801,2024-03-20
801,2024-03-21
801,2024-03-22
801,2024-03-25
801,2024-03-26
801,2024-03-27
801,2024-03-28
801,2024-04-01
801,2024-04-02
801,2024-04-03
801,2024-04-04
801,2024-04-08
801,2024-04-09
801,2024-04-10
801,2024-04-11
92501,2024-04-01
